{"mel": [-11.512925148010254, 2.2474310398101807], "max_seq_len": 1304}